{
  "287": [
    {
      "id": "highlight_1770091028357_7v5jdsren",
      "page": 287,
      "text": "“Work for the sake of greatness, and greatness is what you will get. Workfor pettiness, and nonsense is what will follow",
      "rects": [
        {
          "x": 107.43333435058594,
          "y": 218.63333129882812,
          "width": 570.2999877929688,
          "height": 23.0
        },
        {
          "x": 202.66668701171875,
          "y": 244.88333129882812,
          "width": 356.9666748046875,
          "height": 23.0
        }
      ],
      "created_at": "2026-02-03T03:57:08.357Z"
    }
  ]
}